smiles,temperature,total_atoms,predicted,predicted_stddev
CC(C)COCC(C)C,390,9,33.936832,1.7161087
CCC(C)OC(C)CC,388,9,33.290546,1.8511413
CCCC(O)CC(=O)OC,473,10,47.30467,3.3389807
CCCC(O)CC(=O)OCC,483,11,47.52082,3.1852698
CCCCCCCCCCCC(O)CC(=O)OC,563,18,64.79325,5.1508026
CCCCOC(C)CC,401,9,34.52033,1.56167
CCCCOC(CCC)CCC,458,12,39.455784,2.0701804
CCCCOCC(C)C,401,9,34.923874,1.4632388
CCCCOCCCC,408,9,36.651665,1.3638698
